{
  "project_info": {
    "project_number": "633903305211",
    "project_id": "login-app-5994b",
    "storage_bucket": "login-app-5994b.appspot.com"
  },
  "client": [
    {
      "client_info": {
        "mobilesdk_app_id": "1:633903305211:android:4a83c4ea32532071043b5e",
        "android_client_info": {
          "package_name": "com.example.loginapp"
        }
      },
      "oauth_client": [],
      "api_key": [
        {
          "current_key": "AIzaSyA6DibPD5F5aKev1qBxFjJUvhSiOjQ6eXM"
        }
      ],
      "services": {
        "appinvite_service": {
          "other_platform_oauth_client": []
        }
      }
    },
    {
      "client_info": {
        "mobilesdk_app_id": "1:633903305211:android:98e5dbe688e3dfd2043b5e",
        "android_client_info": {
          "package_name": "com.example.taxi_booking_app"
        }
      },
      "oauth_client": [],
      "api_key": [
        {
          "current_key": "AIzaSyA6DibPD5F5aKev1qBxFjJUvhSiOjQ6eXM"
        }
      ],
      "services": {
        "appinvite_service": {
          "other_platform_oauth_client": []
        }
      }
    },
    {
      "client_info": {
        "mobilesdk_app_id": "1:633903305211:android:4fcfbf50fed2f152043b5e",
        "android_client_info": {
          "package_name": "com.example.taxiapp"
        }
      },
      "oauth_client": [],
      "api_key": [
        {
          "current_key": "AIzaSyA6DibPD5F5aKev1qBxFjJUvhSiOjQ6eXM"
        }
      ],
      "services": {
        "appinvite_service": {
          "other_platform_oauth_client": []
        }
      }
    },
    {
      "client_info": {
        "mobilesdk_app_id": "1:633903305211:android:6b7456a2de3d1bc8043b5e",
        "android_client_info": {
          "package_name": "com.example.taxibookingapp"
        }
      },
      "oauth_client": [],
      "api_key": [
        {
          "current_key": "AIzaSyA6DibPD5F5aKev1qBxFjJUvhSiOjQ6eXM"
        }
      ],
      "services": {
        "appinvite_service": {
          "other_platform_oauth_client": []
        }
      }
    }
  ],
  "configuration_version": "1"
}